{
  "mean": [
    0.005261749999999529,
    0.0361075000000064,
    0.007516785714284703,
    0.5
  ],
  "scale": [
    0.0014310073484261054,
    0.009819945423728351,
    0.002044296212037277,
    0.29154759474226344
  ]
}