{
  "mean": [
    0.010530000000000235,
    0.03610750000000004,
    0.015042857142857066,
    0.49999999999999994
  ],
  "scale": [
    0.0028637824638043157,
    0.009819945423728054,
    0.004091117805436765,
    0.31622776601683955
  ]
}