{
  "velocity_scale": 0.14488278329372406,
  "heat_flux_scale": 0.029512489214539528,
  "density_log_mean": -11.448501586914062,
  "density_log_std": 5.2266716957092285,
  "energy_log_mean": -11.747289657592773,
  "energy_log_std": 4.566090106964111,
  "temp_log_mean": -12.036478996276855,
  "temp_log_std": 3.92915940284729
}